Category,Constituency,Province,Abitibi-Est,Abitibi-Ouest,Acadie,Anjou-Louis-Riel,Argenteuil,Arthabaska,Beauce-Nord,Beauce-Sud,Beauharnois,Bellechasse,Berthier,Bertrand,Blainville,Bonaventure,Borduas,Bourassa-Sauvé,Brome-Missisquoi,Camille-Laurin,Chambly,Champlain,Chapleau,Charlesbourg,Charlevoix-Côte-de-Beaupré,Châteauguay,Chauveau,Chicoutimi,Chomedey,Chutes-de-la-Chaudière,Côte-du-Sud,D'Arcy-McGee,Deux-Montagnes,Drummond-Bois-Francs,Dubuc,Duplessis,Fabre,Gaspé,Gatineau,Gouin,Granby,Groulx,Hochelaga-Maisonneuve,Hull,Huntingdon,Iberville,Îles-de-la-Madeleine,Jacques-Cartier,Jean-Lesage,Jeanne-Mance-Viger,Jean-Talon,Johnson,Joliette,Jonquière,La Peltrie,La Pinière,La Prairie,Labelle,Lac-Saint-Jean,LaFontaine,Laporte,L'Assomption,Laurier-Dorion,Laval-des-Rapides,Laviolette-Saint-Maurice,Les Plaines,Lévis,Lotbinière-Frontenac,Louis-Hébert,Marguerite-Bourgeoys,Marie-Victorin,Marquette,Maskinongé,Masson,Matane-Matapédia,Maurice-Richard,Mégantic,Mercier,Mille-Îles,Mirabel,Montarville,Montmorency,Mont-Royal-Outremont,Nelligan,Nicolet-Bécancour,Notre-Dame-de-Grâce,Orford,Papineau,Pointe-aux-Trembles,Pontiac,Portneuf,Prévost,René-Lévesque,Repentigny,Richelieu,Richmond,Rimouski,Rivière-du-Loup-Témiscouata,Robert-Baldwin,Roberval,Rosemont,Rousseau,Rouyn-Noranda-Témiscamingue,Sainte-Marie-Saint-Jacques,Sainte-Rose,Saint-François,Saint-Henri-Sainte-Anne,Saint-Hyacinthe,Saint-Jean,Saint-Jérôme,Saint-Laurent,Sanguinet,Sherbrooke,Soulanges,Taillon,Taschereau,Terrebonne,Trois-Rivières,Ungava,Vachon,Vanier-Les Rivières,Vaudreuil,Verchères,Verdun,Viau,Vimont,Westmount-Saint-Louis
Families/Marriage in Private Households,Population ages 15+ by the state of marriage in private households,7110470,36250,37605,67650,52730,54060,65950,46370,52760,"51,825",47375,64460,56650,64705,35545,62845,65575,67940,60300,56255,62610,61435,"62,435",55750,"57,160",61550,50095,71420,62430,52980,77435,52375,56055,42970,39500,63765,31545,67515,53755,58440,"57,635","52,830",74730,46350,51865,11235,"52,970",52495,64060,60655,66095,59935,47905,65340,68020,52865,54940,45345,48370,62455,48515,63975,66895,61970,44910,54365,60600,49920,69300,55700,55495,47765,53010,48785,57850,42170,60895,49820,65845,56870,61640,79550,66770,"42,750",61745,49075,67690,45815,62610,46080,51200,34695,55760,47630,66860,48845,54545,63990,46810,65415,46780,47900,61405,60965,65650,73745,64850,66345,67760,75475,47575,62970,63490,62205,58345,65125,"61,840",32960,59165,66175,68665,65090,60610,57420,50300,79375
Families/Marriage in Private Households,Married persons or cohabitating persons,3967915,21165,22445,33925,26975,32370,38005,29135,31115,"28,630",29430,38725,32125,39915,20065,39670,28995,41970,28225,35370,35900,31575,"35,325",34790,"33,515",39560,28335,37855,40705,31095,39145,30165,32210,28380,22225,38135,17825,42990,24080,32095,"32,370","21,435",35190,28300,31950,6955,"30,795",21790,33615,30230,39085,32880,27835,42065,39870,32685,31905,27930,25620,32460,28875,30865,34080,33695,26490,30300,36850,31585,34010,26480,27045,29485,32475,27725,26935,25980,27095,28675,41955,36300,38335,38795,39400,"25,570",29375,30260,39995,22725,37115,29050,32715,19680,34110,27195,41680,27960,32325,36555,27945,29670,28270,28090,24020,36630,35435,32550,35940,37855,35205,41295,29110,29410,40730,33010,24455,39365,"29,605",17200,35650,36940,41225,41230,31000,25795,28930,32490
Families/Marriage in Private Households,Legally Married People,2310860,9450,10965,28380,20025,16810,19420,15320,17190,"14,150",15255,20000,16845,23170,10490,19915,22490,22645,16280,17920,18350,20200,"18,340",17895,"21,705",17500,15255,32280,19375,16700,34350,17505,16535,14840,10585,28840,9245,26700,8445,16820,"18,795","7,565",21885,15515,15550,3365,"26,130",9505,29355,17570,19240,16780,14080,19315,31805,19995,17150,15130,21270,20920,14970,18735,23580,17180,13175,15980,19325,17805,26430,14885,18610,14445,17410,14185,16610,14380,10860,20560,20110,21830,18710,30375,33745,"12,785",22260,17135,22305,12880,26755,13820,15665,9585,20730,14125,20745,13175,16800,32400,15625,15750,12235,13750,10630,25950,18650,17445,18600,18975,17455,35680,16255,15685,24165,20090,10340,21940,"15,135",9080,22820,19315,28870,20665,17360,19175,21210,23845
Families/Marriage in Private Households,Cohabitating,1657050,11715,11485,5540,6950,15555,18585,13820,13930,"14,485",14175,18725,15280,16745,9575,19760,6510,19325,11945,17445,17550,11380,"16,980",16895,"11,810",22060,13075,5575,21330,14395,4795,12655,15675,13540,11640,9295,8580,16290,15640,15270,"13,575","13,870",13300,12785,16405,3595,"4,670",12290,4265,12655,19845,16105,13755,22750,8065,12690,14755,12800,4350,11540,13905,12125,10495,16510,13315,14320,17525,13775,7575,11600,8440,15040,15065,13540,10325,11600,16230,8115,21850,14465,19630,8420,5655,"12,780",7115,13120,17685,9840,10360,15230,17050,10090,13380,13070,20935,14785,15525,4155,12315,13920,16030,14345,13390,10680,16780,15100,17340,18880,17750,5615,12855,13730,16565,12915,14115,17425,"14,470",8120,12835,17620,12360,20570,13640,6620,7720,8645
Families/Marriage in Private Households,Never Married,1345765,9895,9580,4410,5410,12020,14845,11810,11405,"11,575",12040,14520,11240,13190,7965,15855,5145,14775,10195,14460,13910,8950,"13,865",13750,"9,365",18755,10345,3695,18130,11935,3725,10050,12595,10820,10160,7060,7265,12865,14295,11425,"10,445","12,775",11005,10400,13260,3075,"3,295",10685,3140,10430,16045,12735,11030,19485,6045,10130,11240,10135,3165,9385,11475,11065,8490,12895,11050,11540,14470,10685,5985,9750,6830,12065,12280,11225,8695,9205,14835,6195,18270,11150,16430,6830,3985,"10,490",5855,9380,14085,7950,8085,12505,13145,8455,10255,10265,16880,12365,12865,2995,9725,11960,13510,11855,12005,8265,13590,13465,13865,15120,13920,4415,10535,11255,13105,10385,12065,14040,"11,525",7315,10385,14105,9425,17240,11620,5700,5870,7290
Families/Marriage in Private Households,Separated,17505,125,135,90,110,210,135,100,105,165,95,210,165,165,90,185,175,160,155,135,165,205,140,160,130,175,165,115,160,140,135,135,145,155,100,105,75,230,120,140,150,145,190,145,160,40,90,110,100,75,175,135,150,170,140,150,165,125,70,135,115,85,120,175,150,150,135,125,115,150,135,130,165,110,130,100,115,100,195,125,160,120,100,105,120,145,270,145,225,140,200,70,125,120,155,135,145,105,140,140,180,160,135,110,140,135,160,175,205,95,145,145,195,125,115,195,150,110,145,170,170,185,115,120,100,80
Families/Marriage in Private Households,Divorced,261885,1485,1515,955,1280,2980,3135,1680,2105,"2,385",1785,3500,3490,3095,1275,3335,1060,3935,1475,2575,3060,1990,"2,610",2650,"2,085",2860,2245,1520,2770,2025,840,2225,2595,2200,1170,1945,1070,2855,1165,3295,"2,670",890,1900,1975,2655,350,"1,180",1330,915,1890,3200,2835,2255,2820,1695,2210,2945,2180,990,1845,2060,925,1710,3000,1880,2330,2545,2660,1340,1530,1350,2485,2325,1910,1380,2020,1245,1650,3050,2890,2725,1360,1430,"1,900",1065,3245,2945,1560,1885,2290,3350,1385,2600,2300,3505,2000,2135,970,2100,1685,2080,1985,1180,2115,2745,1395,2975,3190,3110,1020,1925,2095,2950,2180,1750,2885,"2,465",585,2070,2905,2525,2840,1740,740,1595,1155
Families/Marriage in Private Households,Widowed,31900,215,265,90,155,345,465,225,315,360,255,495,380,290,250,385,135,455,115,280,415,235,365,335,225,265,325,245,260,290,95,245,335,375,215,185,170,345,65,405,305,55,205,270,330,120,100,170,105,265,420,400,320,270,185,200,405,350,120,175,255,50,170,450,225,300,370,305,140,165,125,345,290,300,120,280,30,165,330,300,320,110,145,290,75,350,385,185,170,290,355,185,405,380,390,295,375,95,350,135,255,345,75,180,300,110,340,395,510,75,245,235,315,225,180,305,325,110,235,445,235,300,165,65,160,120
Families/Marriage in Private Households,NA,NA,NA,NA,NA,NA,NA,NA,NA,NA,NA,NA,NA,NA,NA,NA,NA,NA,NA,NA,NA,NA,NA,NA,NA,NA,NA,NA,NA,NA,NA,NA,NA,NA,NA,NA,NA,NA,NA,NA,NA,NA,NA,NA,NA,NA,NA,NA,NA,NA,NA,NA,NA,NA,NA,NA,NA,NA,NA,NA,NA,NA,NA,NA,NA,NA,NA,NA,NA,NA,NA,NA,NA,NA,NA,NA,NA,NA,NA,NA,NA,NA,NA,NA,NA,NA,NA,NA,NA,NA,NA,NA,NA,NA,NA,NA,NA,NA,NA,NA,NA,NA,NA,NA,NA,NA,NA,NA,NA,NA,NA,NA,NA,NA,NA,NA,NA,NA,NA,NA,NA,NA,NA,NA,NA,NA,NA
Families/Marriage in Private Households,People not Married or Cohabitating,3142560,15080,15160,33730,25755,21695,27945,17235,21640,"23,190",17945,25730,24520,24790,15480,23175,36575,25970,32070,20885,26710,29860,"27,110",20965,"23,640",21995,21760,33565,21725,21890,38285,22215,23845,14585,17275,25630,13720,24525,29675,26350,"25,265","31,390",39540,18045,19915,4280,"22,170",30705,30445,30425,27010,27055,20070,23275,28155,20185,23035,17415,22750,29990,19645,33110,32815,28280,18420,24065,23750,18340,35290,29220,28445,18285,20535,21060,30910,16190,33810,21150,23890,20570,23305,40750,27370,"17,175",32370,18815,27690,23095,25490,17035,18475,15015,21655,20435,25175,20885,22220,27435,18870,35745,18515,19810,37380,24335,30215,41200,28910,28490,32555,34180,18465,33555,22760,29195,33890,25760,"32,240",15755,23510,29240,27440,23860,29605,31620,21370,46885
Families/Marriage in Private Households,Never Married,2161975,10335,10405,22870,17125,13795,18335,11985,14130,"14,925",12280,16695,15250,18010,9880,15610,23975,16815,22285,14740,17075,19330,"17,825",13505,"15,980",16130,14195,21300,16250,13995,26175,14485,15910,9700,12545,18055,8865,16725,23865,16380,"16,785","25,450",27785,11990,13570,2960,"13,575",21715,18885,22790,18970,17370,12995,17060,18575,14045,14155,11505,15610,19720,13575,25155,21700,17900,13540,16015,15440,12090,23680,20445,19220,11990,14505,13740,20910,10225,28070,14975,17390,13810,16840,30480,19350,"11,380",23250,11245,18490,16190,16630,11265,12365,10350,14470,13050,17105,14475,14385,18780,12015,25305,13125,13470,31040,17620,20750,31470,19350,18805,20720,23785,12750,23950,15895,19250,25055,18280,"21,460",13150,16530,18905,18340,17095,20920,22200,14770,38230
Families/Marriage in Private Households,Separated,106275,510,515,1520,1010,760,690,505,590,715,510,815,885,715,430,600,2100,825,1195,605,715,1260,795,585,855,605,710,1465,560,570,1755,725,595,505,400,865,385,1020,905,735,840,"1,000",1730,650,635,105,825,825,1495,750,680,710,580,735,1075,680,795,555,930,1190,625,1365,1400,770,650,695,605,495,1630,1110,1190,455,660,645,1320,475,950,720,750,580,655,1620,1015,470,1475,540,1095,815,1265,525,560,360,675,540,660,515,595,1160,575,1355,640,630,1035,760,860,1550,755,910,1210,1560,570,850,780,1100,900,855,820,485,825,900,1090,690,1135,1610,660,1285
Families/Marriage in Private Households,Divorced,494210,2130,2055,5135,4355,4065,4925,2325,3650,"4,225",2455,4560,5165,3640,2310,3945,6520,4975,4925,3135,4650,5305,"4,610",3365,"3,525",3105,3435,5515,3020,3250,5815,3920,4060,2200,2015,3500,1905,3760,3380,5150,"4,480","3,510",6220,2870,3205,470,"3,500",4870,5200,3880,4530,4785,3240,3045,4705,3340,4535,2900,3475,5445,3150,4235,5325,5150,2510,3980,3785,3225,5520,5075,4860,3100,2965,3425,5390,2980,3635,2975,3610,3295,3425,5325,3810,"2,750",5205,4045,4765,3860,4345,2685,3525,2130,3420,3515,4170,3150,3425,4115,3100,5695,2785,2960,3995,3425,5075,5440,4915,4980,6115,5190,2755,5415,3635,5190,4975,3770,"5,460",990,3515,4835,4735,3460,4975,4930,3245,4605
Families/Marriage in Private Households,Widowed,380100,2105,2185,4220,3260,3075,3995,2420,3270,"3,330",2700,3660,3220,2435,2850,3020,3980,3355,3670,2405,4260,3970,"3,880",3510,"3,280",2155,3415,5285,1895,4075,4535,3080,3280,2185,2315,3215,2565,3025,1525,4090,"3,170","1,435",3805,2540,2495,745,"4,270",3300,4860,3000,2825,4195,3250,2435,3790,2120,3555,2450,2735,3635,2305,2355,4380,4460,1730,3370,3915,2530,4455,2590,3175,2740,2405,3255,3290,2500,1145,2480,2145,2885,2385,3325,3200,"2,575",2445,2985,3335,2240,3255,2555,2025,2175,3095,3335,3240,2750,3810,3385,3180,3385,1965,2740,1315,2520,3525,2740,3890,3800,4510,3645,2390,3340,2450,3655,2965,2860,"4,505",1130,2645,4605,3270,2615,2580,2880,2700,2760
Families/Marriage in Private Households,NA,NA,NA,NA,NA,NA,NA,NA,NA,NA,NA,NA,NA,NA,NA,NA,NA,NA,NA,NA,NA,NA,NA,NA,NA,NA,NA,NA,NA,NA,NA,NA,NA,NA,NA,NA,NA,NA,NA,NA,NA,NA,NA,NA,NA,NA,NA,NA,NA,NA,NA,NA,NA,NA,NA,NA,NA,NA,NA,NA,NA,NA,NA,NA,NA,NA,NA,NA,NA,NA,NA,NA,NA,NA,NA,NA,NA,NA,NA,NA,NA,NA,NA,NA,NA,NA,NA,NA,NA,NA,NA,NA,NA,NA,NA,NA,NA,NA,NA,NA,NA,NA,NA,NA,NA,NA,NA,NA,NA,NA,NA,NA,NA,NA,NA,NA,NA,NA,NA,NA,NA,NA,NA,NA,NA,NA,NA
Families/Marriage in Private Households,Total Number of Families in Private Residences by Size of Family,2323410,12300,12860,20410,16430,18750,21685,16305,17790,"17,155",16445,22310,18720,23270,12000,22700,19910,23685,17770,20555,20845,20055,"20,575",19265,"19,960",22670,16260,22255,23015,17365,22965,18070,18140,15755,13625,21995,10495,24530,14130,18880,"19,090","12,960",21910,16105,18520,3895,"17,395",13395,20640,16445,22835,19485,15970,23930,22950,18935,18140,15725,16110,19885,17440,17785,20760,19765,16040,17135,20525,17490,21140,16890,16820,16805,18890,15955,16360,14635,15615,17115,24510,20480,22100,22380,22700,"14,455",18180,16855,24175,14730,21980,16245,18600,11650,19805,15820,23815,15960,17910,21615,15885,18265,16790,16120,13695,21295,20780,20225,21070,22400,21725,24135,16875,17325,23300,19860,13935,23020,"17,615",11910,20890,21060,23945,23740,18235,17125,17115,17705
Families/Marriage in Private Households,2 Persons,1267980,7105,7600,8660,8155,11240,12710,8610,10095,"10,335",9440,13960,12705,10700,7665,12075,8825,14465,9630,9690,13125,11255,"12,020",11550,"9,455",11780,10225,10665,11680,10890,10525,9440,10470,9405,7545,8795,6810,13130,8685,11470,"10,275","8,405",11805,9120,10055,2400,"7,900",8755,8910,9770,12915,11765,9705,12005,10955,8905,12345,9430,6910,10340,8775,9550,10535,12740,7610,10580,12195,10140,10620,9465,8625,10195,9095,10075,8675,8980,9700,7540,11810,10720,12250,10360,9360,"8,570",8825,11145,13705,8180,10565,9670,11030,7215,10440,10105,13175,9800,11165,9060,9885,10045,8950,9340,9620,8900,11995,12360,12185,12525,12825,9630,8020,10775,11725,10715,10015,10985,"11,205",4850,10475,13110,11090,11705,10935,7630,7660,11295
Families/Marriage in Private Households,3 Persons,454980,2290,2160,4560,3400,3545,3600,2915,3080,"3,335",2785,3930,2965,4940,2225,4405,4695,3940,3810,4430,3570,4210,"3,740",3355,"4,315",4605,2715,4555,4435,2820,5250,3860,3150,2720,2795,4810,1965,4905,2700,3235,"3,825","2,455",4495,2990,3545,800,"3,805",2340,4520,2690,4160,3500,2835,4935,5210,4105,2770,2620,3855,4290,3870,3945,4480,3335,3600,2895,3415,3020,4835,3585,3755,2915,4075,2640,3480,2310,2930,3755,5225,3975,4330,4755,5310,"2,475",4270,2510,4905,3150,4535,2775,3340,2195,3785,2780,4275,2750,2905,4920,2475,3910,3565,2935,2200,4685,3640,4085,3750,4430,4305,5540,3825,2845,4730,3965,2045,4820,"3,005",2620,4405,3650,5130,5005,3730,3990,3810,3405
Families/Marriage in Private Households,4 Persons,412850,1920,2005,4665,3230,2745,3575,3120,3045,"2,430",2805,2955,2125,5465,1510,4470,3680,3525,3035,4755,2865,3135,"3,425",3060,"4,075",4620,2370,4555,5045,2415,4475,3365,2975,2500,2260,5915,1250,4640,2175,2735,"3,385","1,525",3785,2625,3255,565,"4,250",1525,4555,2745,3760,2885,2455,5115,4775,4440,2165,2455,3715,3645,3320,2990,3860,2460,3185,2625,3220,3175,3980,2590,3240,2640,4055,2180,2935,2115,2200,3955,5340,4305,3995,4585,5730,"2,260",3765,2160,3830,2275,4720,2670,3070,1595,3705,2085,4315,2400,2565,5110,2370,3240,2860,2565,1345,5315,3245,2510,3405,3905,3095,5755,3680,2410,4805,3480,1390,4950,"2,370",2105,4235,3120,5470,5125,2725,3420,4015,2190
Families/Marriage in Private Households,5+ Persons,187600,990,1095,2535,1640,1215,1795,1670,1575,"1,055",1420,1460,925,2170,600,1750,2705,1745,1300,1680,1290,1455,"1,395",1300,"2,120",1665,950,2480,1860,1245,2720,1410,1540,1120,1020,2475,475,1850,570,1440,"1,600",570,1820,1370,1675,125,"1,440",775,2655,1245,1995,1335,975,1870,2010,1480,860,1225,1625,1610,1470,1295,1880,1235,1645,1040,1695,1155,1700,1250,1200,1050,1665,1070,1270,1235,790,1865,2135,1480,1530,2685,2300,"1,145",1320,1035,1735,1115,2160,1130,1165,645,1880,845,2055,1010,1275,2525,1155,1075,1420,1285,535,2400,1895,1275,1730,1545,1500,3210,1345,1295,2030,1690,480,2255,"1,035",2330,1775,1180,2245,1905,850,2085,1630,815
Families/Marriage in Private Households,Mean Family Size,2.8,2.8,2.8,3.1,2.9,2.7,2.8,2.9,2.8,2.7,2.8,2.7,2.6,3,2.6,2.8,3.1,2.7,2.8,3,2.7,2.8,2.7,2.7,3,2.9,2.7,3,2.9,2.7,3,2.9,2.8,2.7,2.8,3.1,2.6,2.8,2.6,2.7,2.9,2.6,2.8,2.8,2.9,2.6,3,2.6,3.1,2.8,2.8,2.7,2.7,2.9,2.9,2.9,2.6,2.7,3,2.9,2.9,2.8,2.9,2.6,3,2.7,2.8,2.8,2.9,2.8,2.8,2.7,2.9,2.7,2.8,2.7,2.7,3,2.9,2.9,2.8,3.1,3.1,2.8,2.9,2.6,2.8,2.8,3,2.7,2.7,2.7,2.9,2.6,2.8,2.7,2.7,3.1,2.7,2.8,2.8,2.8,2.5,3.1,2.8,2.7,2.8,2.8,2.7,3.2,2.9,2.7,2.9,2.8,2.5,3,2.6,3.3,2.9,2.7,3,2.9,2.7,3,3,2.6
NA,NA,NA,NA,NA,NA,NA,NA,NA,NA,NA,NA,NA,NA,NA,NA,NA,NA,NA,NA,NA,NA,NA,NA,NA,NA,NA,NA,NA,NA,NA,NA,NA,NA,NA,NA,NA,NA,NA,NA,NA,NA,NA,NA,NA,NA,NA,NA,NA,NA,NA,NA,NA,NA,NA,NA,NA,NA,NA,NA,NA,NA,NA,NA,NA,NA,NA,NA,NA,NA,NA,NA,NA,NA,NA,NA,NA,NA,NA,NA,NA,NA,NA,NA,NA,NA,NA,NA,NA,NA,NA,NA,NA,NA,NA,NA,NA,NA,NA,NA,NA,NA,NA,NA,NA,NA,NA,NA,NA,NA,NA,NA,NA,NA,NA,NA,NA,NA,NA,NA,NA,NA,NA,NA,NA,NA,NA,NA
Family Stricture in Private Households,Total Number of Families in Private Residences by Family Structure,2323410,12300,12860,20415,16425,18745,21685,16310,17790,"17,155",16445,22310,18720,23270,12000,22700,19910,23680,17770,20560,20845,20055,"20,575",19265,"19,960",22670,16260,22255,23020,17365,22965,18070,18140,15755,13625,21995,10495,24530,14130,18880,"19,085","12,960",21915,16105,18525,3890,"17,395",13395,20645,16445,22835,19485,15970,23935,22950,18930,18145,15725,16110,19885,17440,17785,20755,19765,16040,17135,20525,17490,21135,16890,16820,16800,18885,15955,16360,14635,15620,17115,24510,20480,22100,22385,22700,"14,455",18180,16855,24175,14730,21985,16250,18600,11650,19805,15820,23815,15960,17910,21615,15885,18260,16790,16125,13695,21300,20780,20225,21065,22400,21725,24130,16880,17325,23300,19855,13935,23020,"17,615",11910,20895,21060,23945,23740,18235,17125,17115,17705
Family Stricture in Private Households,Couples by Family Structure,1939635,10435,11025,16200,13080,15995,18600,14215,15310,"14,080",14475,19040,15840,19715,9880,19595,13530,20585,13575,17540,17630,15460,"17,370",17065,"16,480",19630,13990,18145,20180,15210,18615,14855,15600,14075,10970,18765,8770,21245,11815,15725,"15,830","10,400",17065,13780,15725,3440,"15,040",10615,16145,14395,19300,16090,13700,20790,19465,16010,15700,13740,12505,15845,14240,14590,16490,16510,13080,14615,17985,15580,16145,12935,12965,14545,15875,13620,12775,12835,13290,14105,20780,17870,19010,18500,19245,"12,485",14145,14880,19735,11180,18150,14240,16220,9705,16765,13420,20580,13790,15780,17875,13735,14425,13920,13745,11645,18040,17430,15770,17620,18650,17315,19685,14270,14250,20125,16030,11815,19290,"14,335",8435,17600,17835,20200,20240,15140,12195,14280,15170
Family Stricture in Private Households,Married Couples,1111625,4580,5290,13430,9605,8220,9310,7315,8350,"6,845",7390,9680,8200,11355,5100,9720,10285,10925,7625,8815,8860,9770,"8,885",8615,"10,575",8600,7455,15380,9515,8020,16215,8525,7765,7310,5150,14120,4480,13105,4000,8090,"9,060","3,465",10410,7390,7525,1645,"12,705",4470,14015,8085,9375,8045,6830,9410,15440,9665,8320,7340,10330,10085,7295,8525,11250,8260,6430,7475,9225,8695,12365,7130,8745,7030,8365,6855,7640,7035,5175,10045,9855,10640,9200,14285,16420,"6,090",10585,8320,10895,6260,12970,6635,7695,4660,10080,6890,10120,6410,8035,15800,7580,7470,5905,6575,4950,12705,9040,8220,8955,9215,8445,16875,7845,7385,11845,9575,4760,10620,"7,110",4375,11180,9040,14040,9980,8325,8885,10420,10850
Family Stricture in Private Households,With child,502020,1505,1495,8980,5550,2650,2590,2550,2760,"2,160",2275,2625,2010,6225,1265,3805,6785,3300,4035,4380,2270,4330,"3,235",2510,"5,630",3425,2130,9140,3750,2000,10010,3950,2495,2095,1750,9525,1165,5810,2085,2535,"4,350","1,650",5725,2630,2780,470,"7,425",1675,9180,3770,3100,2480,1930,3935,9035,5205,1820,2075,6575,5240,3290,5120,6595,2020,3170,2350,2535,3230,7060,3645,4955,1930,4180,1555,4270,1900,2870,6210,4810,4570,3365,9070,10545,"1,735",6565,2190,4045,2930,7005,1895,2565,1200,4550,1795,3475,1795,1930,10015,1840,4140,2230,2140,2130,8070,3215,4180,3095,3520,2945,11515,4065,2790,5685,4835,1455,5485,"2,130",2690,5815,3115,8235,4465,4070,6055,6345,4975
Family Stricture in Private Households,Without Child,609605,3070,3795,4455,4055,5565,6720,4755,5590,"4,680",5115,7055,6195,5130,3835,5915,3500,7625,3590,4435,6590,5440,"5,645",6110,"4,950",5180,5320,6240,5765,6020,6210,4580,5270,5215,3405,4590,3320,7295,1910,5555,"4,705","1,815",4690,4760,4750,1175,"5,280",2790,4835,4315,6280,5560,4900,5480,6415,4460,6505,5270,3760,4845,4010,3410,4650,6230,3250,5125,6690,5465,5305,3485,3790,5105,4185,5295,3375,5135,2300,3835,5045,6070,5835,5220,5875,"4,355",4020,6135,6850,3330,5965,4740,5135,3460,5525,5095,6635,4610,6105,5790,5735,3335,3675,4435,2820,4635,5825,4040,5865,5695,5495,5360,3775,4600,6160,4740,3305,5130,"4,975",1685,5365,5930,5800,5510,4255,2830,4075,5875
NA,NA,NA,NA,NA,NA,NA,NA,NA,NA,NA,NA,NA,NA,NA,NA,NA,NA,NA,NA,NA,NA,NA,NA,NA,NA,NA,NA,NA,NA,NA,NA,NA,NA,NA,NA,NA,NA,NA,NA,NA,NA,NA,NA,NA,NA,NA,NA,NA,NA,NA,NA,NA,NA,NA,NA,NA,NA,NA,NA,NA,NA,NA,NA,NA,NA,NA,NA,NA,NA,NA,NA,NA,NA,NA,NA,NA,NA,NA,NA,NA,NA,NA,NA,NA,NA,NA,NA,NA,NA,NA,NA,NA,NA,NA,NA,NA,NA,NA,NA,NA,NA,NA,NA,NA,NA,NA,NA,NA,NA,NA,NA,NA,NA,NA,NA,NA,NA,NA,NA,NA,NA,NA,NA,NA,NA,NA,NA
Family Stricture in Private Households,Cohabitating Couples,828005,5855,5730,2770,3470,7775,9290,6905,6960,"7,235",7080,9360,7640,8360,4785,9880,3245,9660,5950,8725,8775,5685,"8,485",8445,"5,905",11030,6540,2770,10660,7195,2400,6325,7835,6765,5820,4645,4290,8145,7820,7630,"6,775","6,935",6650,6395,8200,1795,"2,335",6140,2130,6305,9925,8050,6870,11375,4020,6345,7380,6395,2175,5760,6945,6065,5240,8255,6655,7140,8760,6885,3785,5800,4220,7515,7510,6770,5130,5800,8120,4060,10920,7235,9810,4210,2820,"6,395",3560,6560,8840,4925,5180,7610,8525,5050,6685,6530,10465,7375,7750,2075,6155,6955,8015,7170,6695,5335,8390,7550,8665,9435,8870,2810,6425,6865,8280,6450,7055,8675,"7,230",4060,6415,8795,6160,10260,6820,3310,3860,4320
Family Stricture in Private Households,With Child,401885,2945,2990,1155,1485,3820,5015,4195,3820,"3,510",3905,4455,3050,4785,2410,5535,1695,4605,2645,5130,4230,2725,"4,100",4335,"3,355",6185,3060,845,6300,3645,805,3395,4085,3585,3255,2315,1990,4270,2650,3570,"3,225","2,015",2600,3425,4500,900,"1,110",2005,895,2150,5305,3945,3440,6570,1605,3570,3130,3410,1105,2740,3945,2040,2035,3775,3895,3240,4715,3375,1630,2410,1815,3785,4260,3430,2210,3000,2275,2060,6285,4085,5230,1500,1370,"3,315",1370,2760,4595,2320,2810,3895,4110,2455,3545,3080,5670,3545,3970,955,3195,2860,4430,3605,1260,2925,4145,2060,4425,4910,4225,1245,3685,2520,4525,2840,1760,4915,"3,065",2625,3290,3650,3080,6045,2235,1535,1925,630
Family Stricture in Private Households,Without Child,426120,2905,2745,1615,1985,3960,4270,2715,3145,"3,725",3175,4910,4590,3570,2375,4340,1550,5055,3305,3595,4545,2960,"4,390",4110,"2,550",4845,3475,1920,4360,3550,1600,2935,3745,3185,2565,2340,2295,3875,5160,4065,"3,545","4,925",4050,2965,3700,895,"1,225",4140,1230,4155,4610,4105,3435,4805,2415,2770,4250,2985,1070,3025,3000,4020,3210,4480,2755,3910,4040,3510,2155,3390,2405,3735,3250,3335,2925,2800,5840,1995,4640,3145,4580,2705,1450,"3,080",2190,3795,4245,2600,2365,3715,4420,2590,3145,3455,4795,3835,3780,1125,2955,4095,3580,3565,5435,2415,4240,5485,4240,4525,4645,1560,2740,4345,3755,3615,5295,3765,"4,165",1440,3120,5140,3080,4215,4580,1775,1935,3685
Family Stricture in Private Households,Single Parent Families By Gender,383775,1870,1835,4210,3350,2750,3085,2090,2480,"3,075",1975,3265,2875,3555,2115,3105,6380,3100,4195,3020,3215,4595,"3,205",2200,"3,485",3045,2270,4105,2840,2155,4350,3215,2540,1680,2655,3230,1725,3280,2315,3155,"3,255","2,560",4850,2325,2795,450,"2,355",2780,4500,2050,3540,3390,2270,3145,3485,2920,2440,1985,3600,4035,3200,3190,4265,3250,2960,2520,2540,1910,4990,3960,3860,2255,3015,2335,3595,1805,2330,3010,3730,2605,3095,3885,3460,"1,970",4035,1975,4440,3550,3830,2005,2375,1945,3040,2395,3235,2170,2130,3740,2150,3840,2870,2380,2050,3255,3350,4460,3445,3750,4415,4450,2610,3075,3170,3825,2120,3730,"3,275",3475,3295,3225,3740,3500,3095,4925,2830,2535
Family Stricture in Private Households,Woman+,284025,1255,1230,3480,2765,1875,2190,1370,1700,"2,215",1295,2300,2010,2595,1550,2095,5315,2125,3335,2070,2290,3490,"2,305",1505,"2,625",1990,1655,3295,1895,1515,3710,2355,1735,1080,1870,2450,1245,2235,1735,2250,"2,400","1,975",3750,1575,1890,340,"1,790",2125,3750,1550,2405,2495,1550,2065,2720,2045,1680,1355,3020,3090,2355,2505,3365,2280,2090,1815,1740,1325,4130,3095,3035,1545,2195,1665,2845,1200,1735,2345,2585,1835,2150,3110,2685,"1,335",3350,1310,3230,2805,2820,1355,1570,1425,2250,1685,2185,1545,1510,3005,1480,3030,1945,1565,1625,2470,2475,3685,2455,2705,3310,3600,1845,2250,2160,2915,1585,2660,"2,445",2565,2435,2360,2730,2415,2395,4050,2215,2050
Family Stricture in Private Households,Man+,99755,610,605,735,590,880,900,725,780,860,685,965,870,960,560,1005,1065,970,855,955,920,1105,900,700,860,1050,620,810,940,640,635,860,810,595,785,780,475,1045,580,905,860,580,1095,745,900,115,560,655,750,505,1135,895,720,1080,765,875,760,630,590,945,845,685,900,970,870,710,800,585,860,865,825,705,815,670,750,605,590,660,1150,770,940,770,775,635,690,665,1210,740,1010,650,805,520,790,715,1050,625,615,735,670,805,925,810,430,785,870,775,995,1045,1100,845,760,825,1015,910,540,1065,830,910,860,860,1010,1085,700,875,615,480
Family Stricture in Private Households,Mean Number of Children in Families With Children,1.8,1.8,1.9,1.9,1.8,1.7,1.9,1.9,1.9,1.7,1.9,1.8,1.7,1.8,1.6,1.8,1.9,1.8,1.7,1.8,1.7,1.7,1.8,1.8,1.9,1.8,1.7,1.9,1.8,1.8,1.9,1.8,1.9,1.8,1.8,1.9,1.6,1.8,1.6,1.8,1.8,1.6,1.8,1.8,1.8,1.5,1.8,1.7,1.9,1.8,1.9,1.8,1.7,1.8,1.8,1.8,1.7,1.8,1.8,1.8,1.8,1.7,1.8,1.7,1.9,1.7,1.8,1.8,1.7,1.7,1.7,1.8,1.8,1.8,1.7,1.9,1.7,1.9,1.8,1.8,1.8,2,1.8,1.8,1.7,1.8,1.8,1.7,1.8,1.8,1.7,1.7,1.8,1.7,1.9,1.7,1.8,1.9,1.8,1.6,1.8,1.8,1.6,1.9,1.9,1.7,1.8,1.7,1.7,1.9,1.8,1.8,1.8,1.8,1.6,1.8,1.7,2.2,1.8,1.7,1.8,1.8,1.6,1.8,1.8,1.6
NA,NA,NA,NA,NA,NA,NA,NA,NA,NA,NA,NA,NA,NA,NA,NA,NA,NA,NA,NA,NA,NA,NA,NA,NA,NA,NA,NA,NA,NA,NA,NA,NA,NA,NA,NA,NA,NA,NA,NA,NA,NA,NA,NA,NA,NA,NA,NA,NA,NA,NA,NA,NA,NA,NA,NA,NA,NA,NA,NA,NA,NA,NA,NA,NA,NA,NA,NA,NA,NA,NA,NA,NA,NA,NA,NA,NA,NA,NA,NA,NA,NA,NA,NA,NA,NA,NA,NA,NA,NA,NA,NA,NA,NA,NA,NA,NA,NA,NA,NA,NA,NA,NA,NA,NA,NA,NA,NA,NA,NA,NA,NA,NA,NA,NA,NA,NA,NA,NA,NA,NA,NA,NA,NA,NA,NA,NA,NA
People By Family Situation,People in Private Residences,8308480,43235,44195,79970,62465,63150,76060,55855,62250,"59,610",55450,74595,63645,78550,39880,75390,78855,78820,69075,69485,71320,71565,"72,895",64175,"69,640",75455,56870,81825,76570,59135,91595,61870,64170,51010,47095,77685,35245,81295,60500,66590,"67,185","58,300",87275,54360,62930,12455,"59,845",57825,77290,65845,79660,68325,54645,80230,79245,64470,60940,52730,57050,73050,59555,74185,77075,69835,55535,60365,69925,57300,80215,65835,63585,55785,64160,55170,65725,49445,69155,59860,83365,66805,73770,94180,78505,"49,560",72035,55160,81675,52695,76915,54160,60980,39315,66855,53505,80535,55685,61120,76645,53520,74860,57820,56365,64860,74345,75990,82480,75170,77850,77880,92485,57220,69270,77445,71995,61280,79305,"67,130",45440,71245,74085,82945,79065,68800,69990,58765,84010
People By Family Situation,People In Families,6557095,34105,35565,63165,48105,50645,60190,47315,50000,"46,055",46070,59475,47775,69505,31200,64490,61085,64245,49770,60555,55325,55485,"56,385",52305,"59,505",64625,43110,66505,66600,46580,69835,51415,50590,42920,38035,68725,27010,69335,37140,51385,"54,705","33,365",62060,45070,52750,10115,"51,770",34855,63685,45190,64170,52815,42860,69180,67355,55620,46230,43000,48970,56725,50335,49865,59915,52050,47635,45815,56525,48035,60690,46735,47845,45340,55490,42475,46250,40055,41615,52070,71950,58295,61605,69005,69660,"39,805",52485,44040,66810,40860,65150,44355,50530,30845,57100,41460,67375,42785,48135,66835,42790,50415,47710,44585,34075,65735,58220,53975,58640,62135,59035,76165,49350,46755,67625,56230,34355,68290,"46,510",39535,60575,55915,71365,68950,48425,52080,51385,45850
People By Family Situation,Married Spouses or Equivalent,3879265,20870,22050,32405,26150,31990,37200,28435,30625,"28,160",28940,38085,31690,39435,19765,39195,27055,41170,27145,35080,35270,30915,"34,740",34120,"32,960",39255,27980,36300,40360,30420,37225,29710,31195,28150,21935,37530,17545,42495,23625,31450,"31,660","20,805",34125,27560,31455,6885,"30,080",21230,32290,28790,38590,32185,27395,41575,38930,32015,31405,27480,25010,31695,28485,29180,32980,33025,26165,29230,35970,31160,32300,25865,25930,29095,31750,27245,25545,25665,26580,28200,41555,35745,38020,36995,38480,"24,965",28290,29760,39470,22360,36300,28480,32450,19405,33530,26840,41165,27575,31565,35755,27470,28850,27840,27490,23285,36080,34860,31535,35240,37300,34630,39370,28530,28500,40250,32065,23635,38590,"28,675",16865,35195,35675,40400,40475,30285,24395,28560,30345
People By Family Situation,Single Parents,383780,1865,1835,4215,3350,2750,3090,2095,2480,"3,080",1975,3265,2880,3555,2115,3105,6380,3095,4200,3020,3215,4595,"3,210",2205,"3,480",3045,2275,4105,2840,2155,4355,3215,2540,1680,2655,3230,1720,3280,2320,3150,"3,255","2,560",4845,2320,2795,455,"2,355",2780,4500,2055,3535,3395,2270,3145,3485,2925,2440,1990,3605,4040,3195,3195,4270,3255,2960,2520,2540,1910,4985,3960,3855,2255,3015,2335,3590,1805,2325,3015,3730,2605,3090,3885,3460,"1,970",4035,1975,4440,3550,3830,2005,2380,1950,3040,2400,3235,2170,2125,3740,2150,3840,2870,2375,2055,3255,3350,4460,3450,3755,4410,4445,2610,3075,3175,3825,2115,3725,"3,275",3470,3295,3225,3745,3500,3095,4930,2835,2530
People By Family Situation,Children,2294055,11365,11680,26555,18595,15900,19900,16785,16900,"14,815",15150,18125,13210,26515,9315,22195,27655,19980,18425,22455,16845,19975,"18,445",15980,"23,065",22325,12860,26105,23400,14010,28255,18495,16850,13085,13445,27970,7745,23560,11195,16785,"19,785","10,000",23085,15180,18495,2780,"19,330",10845,26900,14350,22035,17240,13190,24460,24935,20680,12385,13530,20350,20995,18650,17490,22670,15770,18510,14060,18015,14970,23405,16910,18060,13990,20725,12900,17115,12585,12710,20850,26665,19945,20490,28120,27720,"12,865",20165,12305,22900,14955,25010,13870,15705,9490,20525,12220,22975,13040,14445,27345,13170,17725,17000,14715,8730,26400,20005,17985,19955,21090,19995,32350,18210,15180,24205,20345,8605,25980,"14,565",19190,22085,17020,27220,24970,15045,22755,19990,12970
People By Family Situation,In a Multi Parent Household,1708235,8450,8770,20080,13600,11805,14960,13395,12905,"10,215",12055,13125,9050,20990,6370,17455,17500,15105,12280,17745,12025,13100,"13,705",12650,"17,440",17725,9515,19840,18920,10720,21750,13665,12845,10530,9170,22955,5355,18565,8010,11835,"14,950","6,205",15830,11540,14065,2180,"15,725",6800,20220,11305,16475,12100,9775,19545,19615,16205,8880,10485,14575,14945,13565,12895,16235,10830,13770,10330,14040,12155,15905,11095,12295,10580,15965,9300,11920,9730,9455,16100,20910,16000,15825,22335,22410,"9,755",14325,9320,15995,9650,19000,10805,12155,6475,15745,8710,17760,9845,11170,21385,9705,12335,12495,10930,5675,21350,14725,11055,14660,15460,13290,25455,14185,10435,19270,14520,5580,20060,"9,700",12765,17080,12320,21470,19540,10670,15090,15650,9445
People By Family Situation,In a Single Parent Household,585820,2915,2910,6470,4995,4095,4945,3390,3990,"4,600",3090,5000,4165,5530,2950,4740,10160,4875,6140,4715,4815,6870,"4,740",3325,"5,630",4605,3340,6270,4480,3285,6510,4835,4010,2560,4280,5015,2385,4990,3185,4945,"4,840","3,800",7250,3640,4430,595,"3,605",4045,6675,3045,5565,5145,3415,4910,5320,4475,3510,3050,5780,6050,5085,4600,6440,4945,4735,3735,3975,2815,7500,5810,5770,3415,4760,3595,5195,2860,3255,4755,5760,3945,4665,5790,5310,"3,105",5835,2985,6905,5300,6015,3065,3550,3015,4775,3510,5210,3195,3270,5960,3460,5390,4510,3785,3055,5045,5285,6925,5295,5635,6710,6895,4020,4750,4935,5825,3025,5920,"4,860",6430,5000,4695,5750,5425,4375,7660,4340,3525
People By Family Situation,People Living Without Families,1751380,9130,8635,16800,14365,12510,15870,8545,12250,"13,560",9380,15120,15870,9045,8685,10895,17765,14575,19305,8935,15990,16080,"16,500",11870,"10,130",10830,13760,15320,9975,12560,21760,10450,13580,8090,9060,8960,8230,11960,23360,15200,"12,485","24,935",25215,9295,10180,2345,"8,080",22975,13605,20655,15490,15505,11785,11045,11895,8845,14715,9730,8080,16325,9220,24320,17155,17780,7895,14555,13400,9265,19520,19100,15735,10445,8670,12695,19480,9385,27540,7795,11415,8510,12165,25180,8840,"9,755",19545,11120,14870,11835,11765,9805,10450,8470,9760,12040,13165,12895,12985,9810,10730,24445,10110,11785,30790,8610,17770,28505,16535,15715,18840,16315,7875,22510,9815,15760,26925,11015,"20,615",5905,10670,18170,11575,10115,20370,17910,7380,38155
People By Family Situation,Living Alone,1317505,7335,6905,12425,10810,9415,13070,6975,10250,"10,420",7810,11335,12310,6600,6735,8585,11500,11700,14125,6760,13150,11810,"13,410",9550,"7,140",8570,11055,11810,8105,10485,13425,7770,10970,6505,7050,6245,6195,8660,17190,12195,"9,630","17,280",18655,6745,7470,1855,"6,190",18570,9840,14860,11680,11935,9555,8565,8640,6875,11905,8085,5375,12745,6575,15735,12805,14590,5335,12145,11205,8005,13180,14075,11795,8180,6335,10600,15470,7685,17770,5270,8185,7020,9795,16470,6090,"7,895",13770,9130,10495,8695,8670,8145,7935,6830,7130,9585,10530,10470,11005,6760,8900,19210,6570,9525,20295,6145,13685,20630,13130,12160,14550,11000,5690,16830,7175,11950,22130,7580,"16,440",3380,7655,14865,8600,7755,14980,11185,5130,26190
People By Family Situation,Living with Other Relatives,165070,865,805,2275,1610,1230,1035,600,775,"1,160",630,1640,1240,1315,965,1065,2790,1150,1810,985,1215,1755,"1,195",1195,"1,650",920,930,2090,730,1005,2690,1290,930,810,1070,1635,1025,1610,1005,1085,"1,120","1,350",2435,1095,1090,270,875,1095,1980,1320,1335,1365,815,930,1925,875,1000,855,1630,1570,1335,1845,1985,1480,1240,855,895,555,2405,1790,1470,985,1115,985,1485,795,990,1495,1490,770,965,2595,1665,890,1815,850,1870,1360,1600,700,1080,820,1440,1035,1090,760,755,1825,850,1595,1445,840,1305,1425,1310,2130,1170,1365,1595,2285,1010,1205,1305,1490,800,1755,"1,200",2010,1580,1120,1535,1105,1380,2470,1330,2645
People By Family Situation,Living with non-Relatives Only,268810,930,930,2105,1940,1865,1770,965,1225,"1,975",940,2145,2320,1130,985,1250,3475,1730,3365,1185,1625,2525,"1,900",1120,"1,340",1340,1775,1415,1135,1060,5640,1385,1685,775,945,1080,1010,1690,5165,1920,"1,735","6,310",4120,1450,1620,225,"1,020",3310,1785,4470,2480,2205,1415,1550,1330,1095,1815,795,1080,2005,1310,6740,2365,1715,1325,1555,1300,705,3940,3235,2470,1285,1225,1105,2525,910,8780,1030,1735,720,1405,6115,1090,970,3960,1135,2500,1780,1495,955,1435,825,1190,1420,1545,1670,1225,1225,980,3645,2100,1415,9195,1040,2780,5745,2230,2180,2695,3025,1175,4475,1335,2320,4000,1680,"2,975",515,1435,2185,1440,1255,4015,4255,920,9320
NA,NA,NA,NA,NA,NA,NA,NA,NA,NA,NA,NA,NA,NA,NA,NA,NA,NA,NA,NA,NA,NA,NA,NA,NA,NA,NA,NA,NA,NA,NA,NA,NA,NA,NA,NA,NA,NA,NA,NA,NA,NA,NA,NA,NA,NA,NA,NA,NA,NA,NA,NA,NA,NA,NA,NA,NA,NA,NA,NA,NA,NA,NA,NA,NA,NA,NA,NA,NA,NA,NA,NA,NA,NA,NA,NA,NA,NA,NA,NA,NA,NA,NA,NA,NA,NA,NA,NA,NA,NA,NA,NA,NA,NA,NA,NA,NA,NA,NA,NA,NA,NA,NA,NA,NA,NA,NA,NA,NA,NA,NA,NA,NA,NA,NA,NA,NA,NA,NA,NA,NA,NA,NA,NA,NA,NA,NA,NA
Households By Size,Total Households By Size of Household,3749035,19990,20175,33850,28170,28765,35575,23690,28635,"28,335",24700,34265,31935,30075,19125,31675,32835,35980,33540,27630,34755,32865,"34,970",29380,"27,375",31755,28160,34450,31605,28415,38710,26220,29800,22620,20990,28245,17120,33540,33640,31850,"29,360","33,130",42810,23300,26480,5830,"23,850",33685,31205,33440,35445,32305,26185,33105,31750,26115,30745,24205,21630,33480,24370,36225,34610,35035,21645,30105,32330,25825,35770,32555,29665,25550,25465,27135,33125,22695,36950,22520,33095,27740,32570,41910,28765,"22,810",33910,26430,35420,24165,31090,24810,26975,18805,27205,26045,34980,27205,29555,28365,25240,39385,23920,26255,37880,27550,35765,43635,35065,35295,37370,36195,22845,36200,30705,32840,38025,31010,"35,525",14545,28890,37110,32795,31850,35075,30155,22410,48605
Households By Size,1 Persons,1317505,7335,6905,12425,10810,9415,13070,6975,10250,"10,420",7810,11335,12310,6600,6740,8585,11500,11700,14125,6760,13150,11810,"13,410",9550,"7,140",8570,11055,11810,8105,10485,13425,7770,10970,6505,7050,6245,6195,8660,17190,12195,"9,630","17,280",18655,6745,7470,1855,"6,185",18570,9840,14860,11680,11935,9555,8565,8640,6870,11900,8085,5370,12745,6575,15735,12805,14590,5330,12145,11205,8005,13180,14075,11795,8180,6335,10595,15470,7685,17770,5270,8185,7020,9795,16470,6090,"7,895",13770,9130,10495,8695,8670,8145,7935,6830,7130,9585,10530,10470,11010,6760,8900,19210,6570,9525,20295,6145,13685,20630,13130,12160,14550,11000,5690,16830,7175,11950,22130,7580,"16,440",3380,7655,14865,8600,7755,14975,11185,5130,26190
Households By Size,2 Persons,1295730,7095,7690,8870,8465,11110,13080,8750,10395,"10,470",9615,13860,12860,10315,7570,11960,9055,14465,10445,9515,13315,11340,"12,535",11670,"9,045",11860,10580,10415,11805,11065,11335,9205,10735,9445,7450,8240,6730,12605,10020,11690,"10,365","10,175",13065,8995,9955,2360,"7,780",9955,8900,11030,13115,11950,9940,12120,10450,8810,12410,9485,6460,10475,8495,10805,10830,12915,7260,11055,12395,10225,10785,10240,8920,10335,8755,10250,9305,9005,11520,7100,11440,10620,12475,12110,8770,"8,675",9850,11150,13420,8310,10295,9750,10860,7170,10120,10260,13295,10160,11490,8445,10000,11225,8670,9530,11815,8510,12620,13950,12435,12485,13065,9715,7795,12000,11295,11065,11350,10670,"12,070",3810,10135,13860,10735,11510,11950,8265,7345,14475
Households By Size,3 Persons,480135,2390,2250,4825,3580,3800,3760,2985,3175,"3,520",2890,4040,3225,5000,2380,4480,4975,4080,4155,4525,3785,4490,"3,945",3520,"4,350",4690,2965,4575,4560,2975,5840,3945,3260,2805,2870,4760,2125,5080,3340,3420,"3,985","3,130",4960,3150,3675,835,"3,835",2620,4675,3250,4385,3745,3000,5110,5105,4170,3060,2735,3780,4465,3970,4615,4670,3425,3670,3075,3580,3110,5195,3935,4020,3030,4125,2795,3790,2410,4055,3755,5345,4045,4510,5435,5190,"2,585",4755,2660,5125,3325,4695,2885,3515,2300,3830,2955,4445,2950,3030,4760,2575,4310,3760,3075,3265,4665,3955,4720,3965,4655,4595,5745,3895,3300,4820,4205,2510,4885,"3,330",2135,4470,3850,5135,5080,4175,4400,3800,4310
Households By Size,4 Persons,427605,1975,2075,4695,3335,2895,3675,3175,3110,"2,590",2865,3125,2345,5490,1635,4550,3970,3685,3205,4765,2980,3385,"3,510",3125,"4,185",4750,2455,4505,5115,2500,4770,3495,3075,2580,2355,5820,1410,4805,2400,2855,"3,445","1,775",3990,2735,3375,595,"4,245",1650,4640,2875,3940,3030,2580,5225,4835,4465,2310,2530,3810,3840,3440,3295,3990,2530,3320,2690,3310,3220,4245,2755,3380,2760,4180,2295,3070,2190,2635,3985,5470,4335,4095,4860,5665,"2,360",3945,2260,4105,2410,4805,2770,3180,1705,3785,2185,4415,2500,2650,5040,2435,3360,3035,2675,1740,5220,3385,2765,3490,4060,3315,5845,3765,2580,4950,3605,1500,5045,"2,485",2040,4345,3195,5485,5220,2895,3690,4035,2535
Households By Size,5+ Persons,228060,1200,1260,3035,1980,1550,1985,1810,1710,"1,335",1525,1910,1195,2670,805,2095,3340,2055,1605,2060,1520,1840,"1,570",1520,"2,655",1885,1110,3145,2020,1390,3345,1805,1755,1280,1265,3180,650,2390,695,1685,"1,925",765,2140,1675,2010,190,"1,800",880,3145,1420,2325,1650,1105,2085,2725,1800,1065,1365,2210,1955,1885,1780,2325,1580,2060,1145,1840,1270,2360,1555,1545,1245,2065,1200,1495,1405,975,2405,2655,1720,1690,3035,3055,"1,295",1585,1230,2275,1415,2630,1265,1480,795,2340,1065,2300,1120,1380,3360,1325,1280,1895,1450,770,3005,2120,1570,2035,1935,1840,3895,1705,1485,2465,2015,535,2835,"1,200",3180,2285,1340,2845,2280,1080,2620,2100,1090
Households By Size,Mean Number of People in Households,2.2,2.2,2.2,2.4,2.2,2.2,2.1,2.4,2.2,2.1,2.2,2.2,2,2.6,2.1,2.4,2.4,2.2,2.1,2.5,2.1,2.2,2.1,2.2,2.5,2.4,2,2.4,2.4,2.1,2.4,2.4,2.2,2.3,2.2,2.8,2.1,2.4,1.8,2.1,2.3,1.8,2,2.3,2.4,2.1,2.5,1.7,2.5,2,2.3,2.1,2.1,2.4,2.5,2.5,2,2.2,2.6,2.2,2.4,2.1,2.2,2,2.6,2,2.2,2.2,2.2,2,2.1,2.2,2.5,2,2,2.2,1.9,2.7,2.5,2.4,2.3,2.3,2.7,2.2,2.1,2.1,2.3,2.2,2.5,2.2,2.3,2.1,2.5,2.1,2.3,2.1,2.1,2.7,2.1,1.9,2.4,2.2,1.7,2.7,2.1,1.9,2.1,2.2,2.1,2.6,2.5,1.9,2.5,2.2,1.6,2.6,1.9,3.1,2.5,2,2.5,2.5,2,2.3,2.6,1.7
NA,NA,NA,NA,NA,NA,NA,NA,NA,NA,NA,NA,NA,NA,NA,NA,NA,NA,NA,NA,NA,NA,NA,NA,NA,NA,NA,NA,NA,NA,NA,NA,NA,NA,NA,NA,NA,NA,NA,NA,NA,NA,NA,NA,NA,NA,NA,NA,NA,NA,NA,NA,NA,NA,NA,NA,NA,NA,NA,NA,NA,NA,NA,NA,NA,NA,NA,NA,NA,NA,NA,NA,NA,NA,NA,NA,NA,NA,NA,NA,NA,NA,NA,NA,NA,NA,NA,NA,NA,NA,NA,NA,NA,NA,NA,NA,NA,NA,NA,NA,NA,NA,NA,NA,NA,NA,NA,NA,NA,NA,NA,NA,NA,NA,NA,NA,NA,NA,NA,NA,NA,NA,NA,NA,NA,NA,NA,NA
Households By Family Situation,Total Households by Household Situation,3749035,19990,20175,33850,28170,28765,35575,23690,28635,"28,335",24700,34265,31935,30075,19125,31670,32835,35980,33535,27630,34755,32865,"34,970",29380,"27,375",31755,28160,34445,31605,28410,38710,26225,29800,22620,20990,28240,17120,33540,33640,31850,"29,360","33,130",42815,23300,26475,5830,"23,850",33685,31210,33440,35445,32305,26185,33105,31750,26115,30740,24200,21635,33480,24370,36225,34615,35035,21645,30105,32330,25825,35770,32555,29665,25550,25465,27135,33125,22695,36950,22520,33095,27740,32570,41910,28765,"22,805",33915,26430,35420,24165,31090,24810,26975,18805,27205,26050,34980,27205,29555,28360,25240,39385,23920,26255,37880,27550,35765,43640,35065,35295,37370,36195,22845,36200,30705,32840,38025,31010,"35,525",14540,28890,37110,32795,31845,35075,30155,22410,48605
Households By Family Situation,Households with a Single Family and No Additional People,2165490,11520,12215,18745,15130,17240,20910,15800,17290,"15,890",15955,20415,17380,21540,11065,21400,17340,22355,16470,19230,19860,18245,"19,820",18365,"17,965",21685,15625,19940,22280,16715,20910,16475,17240,15080,12565,19665,9650,22375,13540,17770,"17,795","12,085",20520,14795,17170,3635,"16,305",12825,18755,15770,21375,18180,15345,22925,20420,17730,17065,15145,14190,18405,15845,16200,18945,18495,14370,16620,19855,17025,18945,15550,15530,15955,17340,15295,15355,13920,15000,15255,22475,19620,21300,21155,20355,"13,785",17125,15965,21890,13425,20170,15590,17265,10950,18110,14915,22765,15460,17455,19055,15250,17370,14905,15395,12975,19390,19820,18890,19875,20735,20110,21810,15540,16530,21485,18485,13550,20900,"16,840",8870,19005,20355,21820,22300,17235,15075,15510,17000
Households By Family Situation,Family Households with a Couple,1834095,9920,10590,15115,12295,14955,18090,13900,14995,"13,260",14145,17760,14935,18445,9305,18630,12260,19645,12815,16570,16995,14360,"16,865",16395,"15,140",18925,13535,16545,19650,14740,17220,13755,14990,13555,10400,17025,8175,19720,11420,15000,"14,945","9,855",16250,12875,14750,3245,"14,225",10245,14990,13885,18340,15235,13255,20085,17565,15120,14970,13325,11375,14935,13160,13410,15350,15705,11980,14270,17555,15240,14750,12150,12180,13990,14785,13180,12190,12330,12835,12890,19325,17205,18475,17635,17470,"12,025",13460,14230,18285,10450,16945,13785,15285,9295,15615,12825,19835,13455,15475,16030,13315,13895,12665,13255,11115,16660,16845,15010,16835,17535,16275,18015,13295,13740,18775,15180,11545,17845,"13,875",6945,16295,17375,18595,19215,14530,11060,13185,14635
Households By Family Situation,Family Households with a Couple With Children,851835,4220,4295,9470,6570,6040,7405,6580,6445,"5,305",6035,6490,4695,10330,3450,8890,7705,7505,6290,9025,6215,6545,"7,125",6565,"8,230",9290,5020,9010,9835,5460,10005,6795,6310,5460,4710,10780,2920,9395,4630,5800,"7,140","3,485",7930,5630,6820,1290,"8,075",3540,9415,5725,7975,6050,5225,10185,9575,8315,4700,5320,6965,7515,6675,6625,8005,5400,6520,5435,7070,6465,7945,5675,6380,5485,7890,4810,6180,4680,5070,7550,10405,8345,8380,10135,10845,"4,860",7620,4690,7990,4880,9165,5600,6265,3500,7460,4620,8825,5225,5785,9830,4870,6750,6090,5550,3280,10140,7085,5910,7170,7920,6740,11760,7260,5115,9580,7245,3150,9565,"5,005",4280,8440,6545,10430,10015,6060,6905,7615,5380
Households By Family Situation,Family Households with a Couple Without Children,982260,5705,6300,5645,5730,8920,10690,7315,8550,"7,950",8105,11270,10240,8115,5850,9745,4550,12135,6530,7550,10780,7810,"9,745",9830,"6,910",9640,8510,7540,9820,9285,7215,6960,8680,8100,5685,6245,5255,10320,6785,9200,"7,810","6,370",8320,7250,7935,1955,"6,155",6710,5575,8155,10365,9180,8035,9900,7995,6810,10270,8010,4405,7420,6485,6780,7345,10300,5465,8840,10485,8775,6805,6480,5805,8505,6890,8370,6010,7655,7760,5340,8920,8865,10090,7495,6625,"7,165",5845,9540,10300,5575,7775,8180,9015,5800,8155,8205,11010,8225,9695,6195,8440,7140,6580,7705,7835,6520,9755,9105,9670,9610,9540,6255,6035,8630,9200,7940,8395,8275,"8,865",2670,7860,10830,8170,9195,8475,4155,5565,9255
Households By Family Situation,Single-Parent Households,331395,1600,1625,3630,2830,2285,2815,1905,2300,"2,630",1815,2655,2440,3095,1765,2770,5085,2715,3655,2660,2860,3885,"2,950",1975,"2,825",2765,2095,3395,2630,1975,3685,2720,2250,1520,2165,2640,1475,2660,2125,2775,"2,845","2,225",4275,1915,2425,390,"2,085",2585,3765,1885,3035,2945,2090,2835,2850,2610,2095,1815,2820,3470,2685,2795,3600,2790,2390,2350,2300,1780,4195,3400,3350,1965,2560,2115,3165,1585,2165,2365,3145,2415,2830,3515,2885,"1,765",3660,1735,3605,2975,3225,1810,1980,1655,2495,2095,2935,2010,1985,3025,1940,3475,2235,2140,1865,2730,2980,3885,3040,3205,3835,3790,2250,2785,2710,3305,2005,3055,"2,965",1925,2705,2980,3230,3090,2700,4015,2325,2365
Households By Family Situation,Multigenerational Households,50790,185,180,665,450,430,175,165,125,345,140,565,360,665,290,425,850,350,405,465,265,520,190,265,695,275,155,965,210,210,660,565,245,190,345,1000,245,680,110,305,445,190,385,410,390,75,450,130,670,130,380,380,135,275,1020,425,295,145,795,480,560,430,650,380,530,140,170,135,745,365,430,255,540,190,305,200,95,720,665,315,220,400,1010,165,325,240,695,425,635,195,410,215,630,270,290,120,115,1105,165,230,595,180,125,785,230,390,320,565,430,895,430,160,595,420,70,770,180,1140,645,185,830,485,265,670,640,175
Households By Family Situation,Multifamily Households,9225,40,40,85,60,105,60,30,40,95,30,125,90,95,40,100,125,100,60,95,60,90,40,60,105,70,40,125,60,35,105,105,65,45,55,135,45,160,40,70,75,40,70,80,100,25,45,25,90,45,105,80,50,70,150,75,70,35,70,70,95,110,85,70,105,25,40,40,120,75,65,35,110,35,55,50,35,95,150,65,40,60,125,45,50,60,150,50,105,50,90,30,100,50,55,20,20,135,45,35,130,45,35,105,45,65,80,100,105,120,90,35,150,80,25,125,40,110,120,35,125,95,45,90,75,35
Households By Family Situation,Households with a Single Family and Additional People,66750,410,325,565,560,700,420,230,250,610,230,745,660,615,420,515,1120,610,630,500,510,880,410,420,790,455,335,620,330,295,895,580,420,315,405,600,400,845,370,545,515,525,720,555,585,95,350,350,735,405,715,620,345,480,685,445,545,320,625,650,650,715,715,535,695,280,355,195,870,705,540,400,590,340,485,340,425,625,780,300,430,555,615,340,515,425,1000,600,705,285,580,320,625,425,520,290,255,620,310,500,805,380,475,595,580,655,575,680,810,750,535,495,645,635,255,830,450,630,695,385,650,585,545,915,555,380
Households By Family Situation,Non-Family Households With 2 or More People,139280,500,520,1365,1150,875,945,495,680,975,530,1075,1140,560,565,645,1890,860,1845,575,905,1325,"1,095",720,670,695,945,995,620,670,2720,725,865,485,575,600,580,815,2395,970,915,"3,010",2460,710,760,145,510,1790,1120,2230,1195,1115,750,790,840,565,875,480,570,1120,645,3030,1415,965,600,900,705,430,1900,1795,1300,725,545,680,1460,500,3625,555,835,410,785,3275,565,575,2130,605,1180,965,805,540,695,460,605,790,815,845,700,680,565,2040,920,730,3980,525,1405,3005,1090,1045,1365,1630,555,2145,655,1270,1995,815,"1,580",410,760,1290,770,625,2010,2210,500,4820
Households By Family Situation,Single-Person Households,1317505,7335,6905,12425,10810,9415,13070,6975,10250,"10,415",7810,11335,12310,6600,6740,8590,11500,11700,14125,6760,13155,11810,"13,410",9550,"7,140",8570,11055,11810,8110,10485,13425,7770,10975,6510,7050,6245,6195,8660,17190,12195,"9,630","17,280",18655,6750,7470,1850,"6,185",18570,9840,14865,11675,11935,9555,8565,8640,6870,11900,8085,5370,12745,6575,15735,12805,14590,5330,12140,11205,8005,13180,14070,11800,8180,6335,10595,15470,7680,17770,5270,8185,7020,9795,16470,6090,"7,895",13770,9130,10495,8695,8670,8145,7935,6830,7130,9585,10530,10470,11010,6760,8900,19210,6570,9525,20295,6145,13685,20630,13130,12160,14555,11000,5690,16830,7180,11950,22130,7580,"16,435",3375,7655,14865,8600,7755,14975,11185,5135,26195
NA,NA,NA,NA,NA,NA,NA,NA,NA,NA,NA,NA,NA,NA,NA,NA,NA,NA,NA,NA,NA,NA,NA,NA,NA,NA,NA,NA,NA,NA,NA,NA,NA,NA,NA,NA,NA,NA,NA,NA,NA,NA,NA,NA,NA,NA,NA,NA,NA,NA,NA,NA,NA,NA,NA,NA,NA,NA,NA,NA,NA,NA,NA,NA,NA,NA,NA,NA,NA,NA,NA,NA,NA,NA,NA,NA,NA,NA,NA,NA,NA,NA,NA,NA,NA,NA,NA,NA,NA,NA,NA,NA,NA,NA,NA,NA,NA,NA,NA,NA,NA,NA,NA,NA,NA,NA,NA,NA,NA,NA,NA,NA,NA,NA,NA,NA,NA,NA,NA,NA,NA,NA,NA,NA,NA,NA,NA,NA
Households By Type of Housing,Total Number of Private Households By Type of Household,3749035,19990,20175,33845,28170,28770,35575,23690,28640,"28,330",24700,34260,31935,30075,19125,31670,32835,35985,33540,27625,34755,32865,"34,970",29385,"27,370",31755,28160,34445,31605,28415,38710,26225,29800,22625,20995,28240,17115,33540,33645,31850,"29,360","33,135",42810,23295,26480,5830,"23,855",33685,31210,33445,35445,32310,26180,33110,31755,26115,30740,24200,21635,33475,24370,36225,34615,35035,21645,30105,32330,25825,35765,32555,29670,25550,25460,27140,33125,22690,36955,22515,33095,27735,32565,41910,28770,"22,805",33910,26430,35415,24160,31095,24805,26980,18805,27200,26050,34980,27205,29555,28365,25240,39385,23920,26260,37885,27550,35765,43640,35060,35295,37370,36195,22845,36195,30705,32845,38025,31015,"35,530",14545,28895,37110,32800,31845,35075,30155,22410,48605
Households By Type of Housing,Detached Single House,1671920,11020,14415,2475,1805,22365,20720,17745,19480,"14,050",19200,27415,23270,19545,14860,21280,2410,23075,2495,17475,21455,12125,"13,490",21085,"18,155",20100,11965,8040,20450,20895,3580,14385,17835,15135,12130,17535,13135,28220,50,12360,"13,180",200,8140,18355,17885,4945,"14,885",2765,1930,9155,21875,16985,12815,20035,12630,14325,22610,15075,6125,10190,13240,320,8860,19670,12880,11325,23265,12785,1285,5465,6855,18600,14770,19190,1745,17810,45,12785,22105,17605,17515,3460,18655,"17,250",2085,18165,21230,5390,18705,19035,20130,12295,16605,16415,22685,14695,19600,14350,17185,865,18835,15435,60,15590,16680,495,15730,17085,13900,5375,13180,8820,23765,8770,1085,19190,"10,535",7860,15980,8760,19860,19805,1145,1265,13195,1280
Households By Type of Housing,Duplex,199080,785,480,1785,1170,660,2860,1925,2155,"1,610",1095,865,870,1610,745,1195,1225,1555,1380,1725,1310,4430,"2,045",1460,"1,550",2460,2140,2905,2600,1025,2115,1925,1095,1585,1230,2585,570,1250,35,2510,"1,080",25,4635,1025,1195,200,"1,250",170,825,765,1835,1135,2155,3285,3060,1590,675,1515,4360,2020,2400,145,1420,1010,1315,2060,1560,2135,1570,1080,955,1290,1445,945,730,385,45,2190,1030,1840,2305,2560,1210,780,3350,860,5420,1710,3990,1250,1095,1055,1245,1250,1865,2300,1220,860,1000,510,730,1560,20,4025,1655,200,1820,1195,1560,2000,1610,1160,1235,1955,265,1775,"2,775",3050,1975,2875,1540,2795,460,585,2140,1465
Households By Type of Housing,Row House,98625,390,340,420,965,260,220,250,310,425,270,315,595,660,160,835,420,280,1400,425,200,2500,940,165,460,900,805,775,460,195,780,495,585,335,715,770,180,405,270,490,"1,195",405,2810,255,470,105,"2,055",280,135,515,455,540,585,1155,1575,1355,310,355,1925,2130,710,380,495,325,350,1035,230,1120,1075,650,1575,485,870,320,405,170,685,975,290,1025,255,805,1870,275,605,435,985,2425,1930,100,350,470,275,395,830,650,400,3680,265,1275,125,405,445,1290,565,2840,675,765,650,3235,755,1165,765,1300,340,395,"1,295",460,475,2185,1905,535,1870,240,640,1885
Households By Type of Housing,Apartment or Street Level in a Duplex,271245,2045,1215,3560,3365,2030,1850,735,980,"3,475",890,1320,2860,1690,620,1185,5050,1705,6130,895,2940,2130,"2,135",2260,955,2350,3435,1175,1010,1360,4410,890,1555,2300,775,735,740,1435,4770,2260,"1,135","1,940",2720,830,1205,160,220,3720,3375,1075,2755,2375,3740,1635,640,595,2440,2795,490,1940,1210,5740,1470,3310,2225,2145,1935,635,18450,2500,3775,1140,945,1380,5420,1425,2605,610,2630,310,2865,2060,365,795,7265,1460,1985,1585,830,1690,2845,595,435,1960,2180,1225,1315,185,1955,5050,1180,2105,1285,595,2320,6855,2525,1510,4155,2275,725,2135,780,895,2175,1715,"2,390",445,1065,2075,820,1160,7165,6515,315,540
Households By Type of Housing,Apartment in a Building of Less Than 5 Floors,1242910,5115,3405,14125,16905,3110,9635,2675,5110,"8,555",2870,3655,3910,6180,2230,6835,21405,8335,20275,6765,8170,10965,"13,375",3855,"6,115",4985,8615,12875,5890,4355,16055,8005,7795,2765,3695,5435,2235,1910,26700,12765,"11,820","27,880",18545,2100,4985,355,"2,540",24425,22330,15875,7940,10730,6680,6405,10975,7440,4175,4105,7810,13960,6365,27240,17900,10180,4565,12160,4810,5230,10990,18820,14190,3710,6560,4615,20915,2575,30730,5430,6635,6485,8865,20315,5385,"3,340",14315,5120,5525,12230,5030,2490,2295,2875,7500,5665,6755,7470,6355,7360,4065,27570,2670,6270,26150,4145,14000,22165,13740,13510,15525,17710,6050,20750,3860,19260,25000,7315,"17,505",1780,8530,20105,7935,7055,16410,20860,5945,9325
Households By Type of Housing,Apartment in a Building of 5 Floors or More,225745,225,10,11400,3900,10,10,5,310,-,15,20,10,285,10,10,2165,10,1595,5,220,540,"2,920",10,75,155,935,8625,650,10,11730,450,485,5,400,1140,10,30,1350,515,910,"2,605",5895,120,5,5,"2,855",2165,2560,6015,5,215,110,260,2850,425,80,70,900,3115,150,2115,4395,15,75,1165,40,3475,2385,3690,2155,5,760,35,3670,10,2585,470,85,435,410,12605,1110,-,6240,35,30,750,515,20,5,100,1100,150,5,485,50,1920,15,3870,5,65,9825,1815,325,10880,155,160,1340,5515,160,2115,45,630,8615,425,890,5,255,1030,580,10,7980,240,125,34035
Households By Type of Housing,Other Connected Single House,15745,90,85,80,50,150,85,160,210,75,100,240,170,20,75,110,150,410,260,140,255,65,70,120,65,50,125,40,50,160,35,65,125,40,20,35,110,110,465,465,40,85,55,210,230,35,50,160,55,40,165,200,85,90,15,100,150,170,15,120,105,260,65,375,25,60,140,80,15,345,120,145,70,190,240,90,240,55,140,30,80,95,35,115,45,205,130,65,55,85,95,100,50,115,160,135,270,5,200,225,75,155,85,90,130,180,250,370,225,30,55,20,80,35,540,60,135,25,75,70,100,115,35,445,30,70
Households By Type of Housing,Mobile Home,23760,320,225,5,10,170,195,195,80,145,250,425,240,85,425,225,5,610,5,190,215,120,-,430,-,755,140,10,490,405,5,5,330,460,2025,10,140,175,5,485,-,-,20,405,505,25,-,5,5,5,415,125,15,250,5,295,295,120,5,10,190,25,15,150,195,155,355,360,5,5,45,180,40,465,5,240,10,5,185,5,270,5,130,250,15,150,105,10,45,145,170,1320,5,95,500,235,335,5,545,20,300,255,5,5,95,30,165,705,15,45,315,35,170,5,5,140,-,920,540,5,60,370,5,5,15,5